user,keys
bruger1,U00001
bruger2,U00002
bruger3,U00003
bruger4,U00004
bruger5,U00005
bruger6,U00006
bruger7,U00007
bruger8,U00008
bruger9,U00009
bruger10,U00010
bruger11,U00011
bruger12,U00012
bruger13,U00013
bruger14,U00014
bruger15,U00015
bruger16,U00016
bruger17,U00017
bruger18,U00018
bruger19,U00019
bruger20,U00020
bruger21,U00021
bruger22,U00022
bruger23,U00023
bruger24,U00024
bruger25,U00025
bruger26,U00026
bruger27,U00027
bruger28,U00028
bruger29,U00029
bruger30,U00030
bruger31,U00031
bruger32,U00032
bruger33,U00033
bruger34,U00034
bruger35,U00035
bruger36,U00036
bruger37,U00037
bruger38,U00038
bruger39,U00039
bruger40,U00040
bruger41,U00041
bruger42,U00042
bruger43,U00043
bruger44,U00044
bruger45,U00045
bruger46,U00046
bruger47,U00047
bruger48,U00048
bruger49,U00049
bruger50,U00050
bruger51,U00051
bruger52,U00052
bruger53,U00053
bruger54,U00054
bruger55,U00055
bruger56,U00056
bruger57,U00057
bruger58,U00058
bruger59,U00059
bruger60,U00060
bruger61,U00061
bruger62,U00062
bruger63,U00063
bruger64,U00064
bruger65,U00065
bruger66,U00066
bruger67,U00067
bruger68,U00068
bruger69,U00069
bruger70,U00070
bruger71,U00071
bruger72,U00072
bruger73,U00073
bruger74,U00074
bruger75,U00075
bruger76,U00076
bruger77,U00077
bruger78,U00078
bruger79,U00079
bruger80,U00080
bruger81,U00081
bruger82,U00082
bruger83,U00083
bruger84,U00084
bruger85,U00085
bruger86,U00086
bruger87,U00087
bruger88,U00088
bruger89,U00089
bruger90,U00090
bruger91,U00091
bruger92,U00092
bruger93,U00093
bruger94,U00094
bruger95,U00095
bruger96,U00096
bruger97,U00097
bruger98,U00098
bruger99,U00099
bruger100,U00100